{"cameraMode":{"drawMode":0,"name":"Shaded","section":"Shading Mode"},"sceneLighting":false,"audioPlay":false,"sceneViewState":{"m_AlwaysRefresh":false,"showFog":true,"showSkybox":false,"showFlares":true,"showImageEffects":true,"showParticleSystems":true,"showVisualEffectGraphs":true,"m_FxEnabled":true},"in2DMode":false,"pivot":{"x":11.38079833984375,"y":-0.00001430511474609375,"z":-1.8480749130249024},"rotation":{"x":0.04617304354906082,"y":-0.006895323749631643,"z":-0.00031871136161498725,"w":-0.9989121556282044},"size":443.62774658203127,"orthographic":false}